<linker>
  <assembly fullname="Assembly-CSharp, Version=0.0.0.0, Culture=neutral, PublicKeyToken=null">
    <type fullname="DragAndDrop" preserve="all" />
    <type fullname="Edge" preserve="all" />
    <type fullname="GraphCreator.Graph" preserve="all" />
    <type fullname="Node" preserve="all" />
    <type fullname="RoadCreator" preserve="all" />
    <type fullname="GraphCreator.EdgeDictionary" preserve="nothing" serialized="true" />
    <type fullname="GraphCreator.NodeDictionary" preserve="nothing" serialized="true" />
  </assembly>
  <assembly fullname="BezierSolution.Runtime, Version=0.0.0.0, Culture=neutral, PublicKeyToken=null">
    <type fullname="BezierSolution.BendMeshAlongBezier" preserve="all" />
    <type fullname="BezierSolution.BezierAttachment" preserve="all" />
    <type fullname="BezierSolution.BezierPoint" preserve="all" />
    <type fullname="BezierSolution.BezierSpline" preserve="all" />
    <type fullname="BezierSolution.BezierPoint/ExtraData" preserve="nothing" serialized="true" />
  </assembly>
  <assembly fullname="Unity.Addressables, Version=0.0.0.0, Culture=neutral, PublicKeyToken=null" preserve="all">
    <type fullname="UnityEngine.AddressableAssets.Addressables" preserve="all" />
  </assembly>
  <assembly fullname="Unity.ResourceManager, Version=0.0.0.0, Culture=neutral, PublicKeyToken=null" preserve="all">
    <type fullname="UnityEngine.ResourceManagement.ResourceProviders.AssetBundleProvider" preserve="all" />
    <type fullname="UnityEngine.ResourceManagement.ResourceProviders.BundledAssetProvider" preserve="all" />
    <type fullname="UnityEngine.ResourceManagement.ResourceProviders.InstanceProvider" preserve="all" />
    <type fullname="UnityEngine.ResourceManagement.ResourceProviders.LegacyResourcesProvider" preserve="all" />
    <type fullname="UnityEngine.ResourceManagement.ResourceProviders.SceneProvider" preserve="all" />
  </assembly>
  <assembly fullname="Unity.TextMeshPro, Version=0.0.0.0, Culture=neutral, PublicKeyToken=null">
    <type fullname="TMPro.TextMeshPro" preserve="all" />
    <type fullname="TMPro.TMP_FontAsset" preserve="all" />
    <type fullname="TMPro.FaceInfo_Legacy" preserve="nothing" serialized="true" />
    <type fullname="TMPro.FontAssetCreationSettings" preserve="nothing" serialized="true" />
    <type fullname="TMPro.KerningTable" preserve="nothing" serialized="true" />
    <type fullname="TMPro.TMP_Character" preserve="nothing" serialized="true" />
    <type fullname="TMPro.TMP_FontFeatureTable" preserve="nothing" serialized="true" />
    <type fullname="TMPro.TMP_FontWeightPair" preserve="nothing" serialized="true" />
    <type fullname="TMPro.TMP_GlyphAdjustmentRecord" preserve="nothing" serialized="true" />
    <type fullname="TMPro.TMP_GlyphPairAdjustmentRecord" preserve="nothing" serialized="true" />
    <type fullname="TMPro.TMP_GlyphValueRecord" preserve="nothing" serialized="true" />
    <type fullname="TMPro.VertexGradient" preserve="nothing" serialized="true" />
  </assembly>
  <assembly fullname="UnityEngine.AnimationModule, Version=0.0.0.0, Culture=neutral, PublicKeyToken=null">
    <type fullname="UnityEngine.Animations.PositionConstraint" preserve="all" />
  </assembly>
  <assembly fullname="UnityEngine.CoreModule, Version=0.0.0.0, Culture=neutral, PublicKeyToken=null">
    <type fullname="UnityEngine.GameObject" preserve="all" />
    <type fullname="UnityEngine.Material" preserve="all" />
    <type fullname="UnityEngine.MeshFilter" preserve="all" />
    <type fullname="UnityEngine.MeshRenderer" preserve="all" />
    <type fullname="UnityEngine.Object" preserve="all" />
    <type fullname="UnityEngine.RectTransform" preserve="all" />
    <type fullname="UnityEngine.Shader" preserve="all" />
    <type fullname="UnityEngine.Texture2D" preserve="all" />
    <type fullname="UnityEngine.Transform" preserve="all" />
    <type fullname="UnityEngine.Events.PersistentCallGroup" preserve="nothing" serialized="true" />
  </assembly>
  <assembly fullname="UnityEngine.PhysicsModule, Version=0.0.0.0, Culture=neutral, PublicKeyToken=null">
    <type fullname="UnityEngine.BoxCollider" preserve="all" />
    <type fullname="UnityEngine.MeshCollider" preserve="all" />
  </assembly>
  <assembly fullname="UnityEngine.TextRenderingModule, Version=0.0.0.0, Culture=neutral, PublicKeyToken=null">
    <type fullname="UnityEngine.Font" preserve="all" />
  </assembly>
  <assembly fullname="UnityEngine.TextCoreFontEngineModule">
    <type fullname="UnityEngine.TextCore.FaceInfo" preserve="nothing" serialized="true" />
    <type fullname="UnityEngine.TextCore.Glyph" preserve="nothing" serialized="true" />
    <type fullname="UnityEngine.TextCore.GlyphMetrics" preserve="nothing" serialized="true" />
    <type fullname="UnityEngine.TextCore.GlyphRect" preserve="nothing" serialized="true" />
  </assembly>
  <assembly fullname="UnityEngine.UI">
    <type fullname="UnityEngine.UI.MaskableGraphic/CullStateChangedEvent" preserve="nothing" serialized="true" />
  </assembly>
</linker>